id,name,login_id,classroom_id
1,生徒1,student_400,1
2,生徒2,student_399,2
3,生徒3,student_398,3
4,生徒4,student_397,4
5,生徒5,student_396,5
6,生徒6,student_395,6
7,生徒7,student_394,7
8,生徒8,student_393,8
9,生徒9,student_392,9
10,生徒10,student_391,10
11,生徒11,student_390,1
12,生徒12,student_389,2
13,生徒13,student_388,3
14,生徒14,student_387,4
15,生徒15,student_386,5
16,生徒16,student_385,6
17,生徒17,student_384,7
18,生徒18,student_383,8
19,生徒19,student_382,9
20,生徒20,student_381,10
21,生徒21,student_380,1
22,生徒22,student_379,2
23,生徒23,student_378,3
24,生徒24,student_377,4
25,生徒25,student_376,5
26,生徒26,student_375,6
27,生徒27,student_374,7
28,生徒28,student_373,8
29,生徒29,student_372,9
30,生徒30,student_371,10
31,生徒31,student_370,1
32,生徒32,student_369,2
33,生徒33,student_368,3
34,生徒34,student_367,4
35,生徒35,student_366,5
36,生徒36,student_365,6
37,生徒37,student_364,7
38,生徒38,student_363,8
39,生徒39,student_362,9
40,生徒40,student_361,10
41,生徒41,student_360,1
42,生徒42,student_359,2
43,生徒43,student_358,3
44,生徒44,student_357,4
45,生徒45,student_356,5
46,生徒46,student_355,6
47,生徒47,student_354,7
48,生徒48,student_353,8
49,生徒49,student_352,9
50,生徒50,student_351,10
51,生徒51,student_350,1
52,生徒52,student_349,2
53,生徒53,student_348,3
54,生徒54,student_347,4
55,生徒55,student_346,5
56,生徒56,student_345,6
57,生徒57,student_344,7
58,生徒58,student_343,8
59,生徒59,student_342,9
60,生徒60,student_341,10
61,生徒61,student_340,1
62,生徒62,student_339,2
63,生徒63,student_338,3
64,生徒64,student_337,4
65,生徒65,student_336,5
66,生徒66,student_335,6
67,生徒67,student_334,7
68,生徒68,student_333,8
69,生徒69,student_332,9
70,生徒70,student_331,10
71,生徒71,student_330,1
72,生徒72,student_329,2
73,生徒73,student_328,3
74,生徒74,student_327,4
75,生徒75,student_326,5
76,生徒76,student_325,6
77,生徒77,student_324,7
78,生徒78,student_323,8
79,生徒79,student_322,9
80,生徒80,student_321,10
81,生徒81,student_320,1
82,生徒82,student_319,2
83,生徒83,student_318,3
84,生徒84,student_317,4
85,生徒85,student_316,5
86,生徒86,student_315,6
87,生徒87,student_314,7
88,生徒88,student_313,8
89,生徒89,student_312,9
90,生徒90,student_311,10
91,生徒91,student_310,1
92,生徒92,student_309,2
93,生徒93,student_308,3
94,生徒94,student_307,4
95,生徒95,student_306,5
96,生徒96,student_305,6
97,生徒97,student_304,7
98,生徒98,student_303,8
99,生徒99,student_302,9
100,生徒100,student_301,10
101,生徒101,student_300,1
102,生徒102,student_299,2
103,生徒103,student_298,3
104,生徒104,student_297,4
105,生徒105,student_296,5
106,生徒106,student_295,6
107,生徒107,student_294,7
108,生徒108,student_293,8
109,生徒109,student_292,9
110,生徒110,student_291,10
111,生徒111,student_290,1
112,生徒112,student_289,2
113,生徒113,student_288,3
114,生徒114,student_287,4
115,生徒115,student_286,5
116,生徒116,student_285,6
117,生徒117,student_284,7
118,生徒118,student_283,8
119,生徒119,student_282,9
120,生徒120,student_281,10
121,生徒121,student_280,1
122,生徒122,student_279,2
123,生徒123,student_278,3
124,生徒124,student_277,4
125,生徒125,student_276,5
126,生徒126,student_275,6
127,生徒127,student_274,7
128,生徒128,student_273,8
129,生徒129,student_272,9
130,生徒130,student_271,10
131,生徒131,student_270,1
132,生徒132,student_269,2
133,生徒133,student_268,3
134,生徒134,student_267,4
135,生徒135,student_266,5
136,生徒136,student_265,6
137,生徒137,student_264,7
138,生徒138,student_263,8
139,生徒139,student_262,9
140,生徒140,student_261,10
141,生徒141,student_260,1
142,生徒142,student_259,2
143,生徒143,student_258,3
144,生徒144,student_257,4
145,生徒145,student_256,5
146,生徒146,student_255,6
147,生徒147,student_254,7
148,生徒148,student_253,8
149,生徒149,student_252,9
150,生徒150,student_251,10
151,生徒151,student_250,1
152,生徒152,student_249,2
153,生徒153,student_248,3
154,生徒154,student_247,4
155,生徒155,student_246,5
156,生徒156,student_245,6
157,生徒157,student_244,7
158,生徒158,student_243,8
159,生徒159,student_242,9
160,生徒160,student_241,10
161,生徒161,student_240,1
162,生徒162,student_239,2
163,生徒163,student_238,3
164,生徒164,student_237,4
165,生徒165,student_236,5
166,生徒166,student_235,6
167,生徒167,student_234,7
168,生徒168,student_233,8
169,生徒169,student_232,9
170,生徒170,student_231,10
171,生徒171,student_230,1
172,生徒172,student_229,2
173,生徒173,student_228,3
174,生徒174,student_227,4
175,生徒175,student_226,5
176,生徒176,student_225,6
177,生徒177,student_224,7
178,生徒178,student_223,8
179,生徒179,student_222,9
180,生徒180,student_221,10
181,生徒181,student_220,1
182,生徒182,student_219,2
183,生徒183,student_218,3
184,生徒184,student_217,4
185,生徒185,student_216,5
186,生徒186,student_215,6
187,生徒187,student_214,7
188,生徒188,student_213,8
189,生徒189,student_212,9
190,生徒190,student_211,10
191,生徒191,student_210,1
192,生徒192,student_209,2
193,生徒193,student_208,3
194,生徒194,student_207,4
195,生徒195,student_206,5
196,生徒196,student_205,6
197,生徒197,student_204,7
198,生徒198,student_203,8
199,生徒199,student_202,9
200,生徒200,student_201,10
201,生徒201,student_200,1
202,生徒202,student_199,2
203,生徒203,student_198,3
204,生徒204,student_197,4
205,生徒205,student_196,5
206,生徒206,student_195,6
207,生徒207,student_194,7
208,生徒208,student_193,8
209,生徒209,student_192,9
210,生徒210,student_191,10
211,生徒211,student_190,1
212,生徒212,student_189,2
213,生徒213,student_188,3
214,生徒214,student_187,4
215,生徒215,student_186,5
216,生徒216,student_185,6
217,生徒217,student_184,7
218,生徒218,student_183,8
219,生徒219,student_182,9
220,生徒220,student_181,10
221,生徒221,student_180,1
222,生徒222,student_179,2
223,生徒223,student_178,3
224,生徒224,student_177,4
225,生徒225,student_176,5
226,生徒226,student_175,6
227,生徒227,student_174,7
228,生徒228,student_173,8
229,生徒229,student_172,9
230,生徒230,student_171,10
231,生徒231,student_170,1
232,生徒232,student_169,2
233,生徒233,student_168,3
234,生徒234,student_167,4
235,生徒235,student_166,5
236,生徒236,student_165,6
237,生徒237,student_164,7
238,生徒238,student_163,8
239,生徒239,student_162,9
240,生徒240,student_161,10
241,生徒241,student_160,1
242,生徒242,student_159,2
243,生徒243,student_158,3
244,生徒244,student_157,4
245,生徒245,student_156,5
246,生徒246,student_155,6
247,生徒247,student_154,7
248,生徒248,student_153,8
249,生徒249,student_152,9
250,生徒250,student_151,10
251,生徒251,student_150,1
252,生徒252,student_149,2
253,生徒253,student_148,3
254,生徒254,student_147,4
255,生徒255,student_146,5
256,生徒256,student_145,6
257,生徒257,student_144,7
258,生徒258,student_143,8
259,生徒259,student_142,9
260,生徒260,student_141,10
261,生徒261,student_140,1
262,生徒262,student_139,2
263,生徒263,student_138,3
264,生徒264,student_137,4
265,生徒265,student_136,5
266,生徒266,student_135,6
267,生徒267,student_134,7
268,生徒268,student_133,8
269,生徒269,student_132,9
270,生徒270,student_131,10
271,生徒271,student_130,1
272,生徒272,student_129,2
273,生徒273,student_128,3
274,生徒274,student_127,4
275,生徒275,student_126,5
276,生徒276,student_125,6
277,生徒277,student_124,7
278,生徒278,student_123,8
279,生徒279,student_122,9
280,生徒280,student_121,10
281,生徒281,student_120,1
282,生徒282,student_119,2
283,生徒283,student_118,3
284,生徒284,student_117,4
285,生徒285,student_116,5
286,生徒286,student_115,6
287,生徒287,student_114,7
288,生徒288,student_113,8
289,生徒289,student_112,9
290,生徒290,student_111,10
291,生徒291,student_110,1
292,生徒292,student_109,2
293,生徒293,student_108,3
294,生徒294,student_107,4
295,生徒295,student_106,5
296,生徒296,student_105,6
297,生徒297,student_104,7
298,生徒298,student_103,8
299,生徒299,student_102,9
300,生徒300,student_101,10
301,生徒301,student_100,1
302,生徒302,student_99,2
303,生徒303,student_98,3
304,生徒304,student_97,4
305,生徒305,student_96,5
306,生徒306,student_95,6
307,生徒307,student_94,7
308,生徒308,student_93,8
309,生徒309,student_92,9
310,生徒310,student_91,10
311,生徒311,student_90,1
312,生徒312,student_89,2
313,生徒313,student_88,3
314,生徒314,student_87,4
315,生徒315,student_86,5
316,生徒316,student_85,6
317,生徒317,student_84,7
318,生徒318,student_83,8
319,生徒319,student_82,9
320,生徒320,student_81,10
321,生徒321,student_80,1
322,生徒322,student_79,2
323,生徒323,student_78,3
324,生徒324,student_77,4
325,生徒325,student_76,5
326,生徒326,student_75,6
327,生徒327,student_74,7
328,生徒328,student_73,8
329,生徒329,student_72,9
330,生徒330,student_71,10
331,生徒331,student_70,1
332,生徒332,student_69,2
333,生徒333,student_68,3
334,生徒334,student_67,4
335,生徒335,student_66,5
336,生徒336,student_65,6
337,生徒337,student_64,7
338,生徒338,student_63,8
339,生徒339,student_62,9
340,生徒340,student_61,10
341,生徒341,student_60,1
342,生徒342,student_59,2
343,生徒343,student_58,3
344,生徒344,student_57,4
345,生徒345,student_56,5
346,生徒346,student_55,6
347,生徒347,student_54,7
348,生徒348,student_53,8
349,生徒349,student_52,9
350,生徒350,student_51,10
351,生徒351,student_50,1
352,生徒352,student_49,2
353,生徒353,student_48,3
354,生徒354,student_47,4
355,生徒355,student_46,5
356,生徒356,student_45,6
357,生徒357,student_44,7
358,生徒358,student_43,8
359,生徒359,student_42,9
360,生徒360,student_41,10
361,生徒361,student_40,1
362,生徒362,student_39,2
363,生徒363,student_38,3
364,生徒364,student_37,4
365,生徒365,student_36,5
366,生徒366,student_35,6
367,生徒367,student_34,7
368,生徒368,student_33,8
369,生徒369,student_32,9
370,生徒370,student_31,10
371,生徒371,student_30,1
372,生徒372,student_29,2
373,生徒373,student_28,3
374,生徒374,student_27,4
375,生徒375,student_26,5
376,生徒376,student_25,6
377,生徒377,student_24,7
378,生徒378,student_23,8
379,生徒379,student_22,9
380,生徒380,student_21,10
381,生徒381,student_20,1
382,生徒382,student_19,2
383,生徒383,student_18,3
384,生徒384,student_17,4
385,生徒385,student_16,5
386,生徒386,student_15,6
387,生徒387,student_14,7
388,生徒388,student_13,8
389,生徒389,student_12,9
390,生徒390,student_11,10
391,生徒391,student_10,1
392,生徒392,student_9,2
393,生徒393,student_8,3
394,生徒394,student_7,4
395,生徒395,student_6,5
396,生徒396,student_5,6
397,生徒397,student_4,7
398,生徒398,student_3,8
399,生徒399,student_2,9
400,生徒400,student_1,10
